{"cameraMode":{"drawMode":0,"name":"Shaded","section":"Shading Mode"},"sceneLighting":true,"audioPlay":false,"sceneViewState":{"m_AlwaysRefresh":false,"showFog":true,"showSkybox":true,"showFlares":true,"showImageEffects":true,"showParticleSystems":true,"showVisualEffectGraphs":true,"m_FxEnabled":true},"in2DMode":false,"pivot":{"x":211.00692749023438,"y":226.75079345703126,"z":-39.573638916015628},"rotation":{"x":0.10356219857931137,"y":-0.03431171551346779,"z":0.003576281014829874,"w":0.9940314888954163},"size":874.62353515625,"orthographic":true}